<?xml version="1.0" encoding="UTF-8" ?>
<!DOCTYPE RECENT SYSTEM "recent.dtd">
<RECENT>
<ENTRY>
<PATH>C:\Users\PLWeb\Desktop\PLWeb\5196\2015300004\Java_Structured\1\TrueFalse1.java</PATH>
<CARET>906</CARET>
<ENCODING>utf-8</ENCODING>
<MODE>java</MODE>
</ENTRY>
<ENTRY>
<PATH>C:\Users\PLWeb\Desktop\PLWeb\5196\2015300005\Java_Structured\1\TrueFalse1.java</PATH>
<CARET>188</CARET>
<ENCODING>utf-8</ENCODING>
<MODE>java</MODE>
</ENTRY>
<ENTRY>
<PATH>C:\Users\PLWeb\Desktop\PLWeb\5196\2015300020\MasteryLearning_Java\9\ex21.c</PATH>
<CARET>0</CARET>
<ENCODING>utf-8</ENCODING>
<MODE>c</MODE>
</ENTRY>
<ENTRY>
<PATH>C:\Users\PLWeb\Desktop\PLWeb\5196\2015300020\MasteryLearning_Java\9\ex17.c</PATH>
<CARET>265</CARET>
<ENCODING>utf-8</ENCODING>
<MODE>c</MODE>
</ENTRY>
<ENTRY>
<PATH>C:\Users\PLWeb\Desktop\PLWeb\5196\2015300020\MasteryLearning_Java\9\ex19.c</PATH>
<CARET>0</CARET>
<ENCODING>utf-8</ENCODING>
<MODE>c</MODE>
</ENTRY>
<ENTRY>
<PATH>C:\Users\PLWeb\Desktop\PLWeb\5196\2015300020\MasteryLearning_Java\9\ex20.c</PATH>
<CARET>0</CARET>
<ENCODING>utf-8</ENCODING>
<MODE>c</MODE>
</ENTRY>
<ENTRY>
<PATH>C:\Users\PLWeb\Desktop\PLWeb\5196\2015300020\MasteryLearning_Java\9\ex13.c</PATH>
<CARET>288</CARET>
<ENCODING>utf-8</ENCODING>
<MODE>c</MODE>
</ENTRY>
<ENTRY>
<PATH>C:\Users\PLWeb\Desktop\PLWeb\5196\2015300020\MasteryLearning_Java\9\ex04.c</PATH>
<CARET>171</CARET>
<ENCODING>utf-8</ENCODING>
<MODE>c</MODE>
</ENTRY>
<ENTRY>
<PATH>C:\Users\PLWeb\Desktop\PLWeb\5196\2015300020\MasteryLearning_Java\9\ex03.c</PATH>
<CARET>407</CARET>
<ENCODING>utf-8</ENCODING>
<MODE>c</MODE>
</ENTRY>
<ENTRY>
<PATH>C:\Users\PLWeb\Desktop\PLWeb\5196\2015300020\MasteryLearning_Java\9\ex06.c</PATH>
<CARET>210</CARET>
<ENCODING>utf-8</ENCODING>
<MODE>c</MODE>
</ENTRY>
<ENTRY>
<PATH>C:\Users\PLWeb\Desktop\PLWeb\5196\2015300020\MasteryLearning_Java\9\ex23.c</PATH>
<CARET>233</CARET>
<ENCODING>utf-8</ENCODING>
<MODE>c</MODE>
</ENTRY>
<ENTRY>
<PATH>C:\Users\PLWeb\Desktop\PLWeb\5196\2015300020\MasteryLearning_Java\9\ex09.c</PATH>
<CARET>445</CARET>
<ENCODING>utf-8</ENCODING>
<MODE>c</MODE>
</ENTRY>
<ENTRY>
<PATH>C:\Users\PLWeb\Desktop\PLWeb\5196\2015300020\MasteryLearning_Java\9\ex02.c</PATH>
<CARET>485</CARET>
<ENCODING>utf-8</ENCODING>
<MODE>c</MODE>
</ENTRY>
<ENTRY>
<PATH>C:\Users\PLWeb\Desktop\PLWeb\5196\2015300020\MasteryLearning_Java\9\ex15.c</PATH>
<CARET>179</CARET>
<ENCODING>utf-8</ENCODING>
<MODE>c</MODE>
</ENTRY>
<ENTRY>
<PATH>C:\Users\PLWeb\Desktop\PLWeb\5196\2014300006\2014-2\2\Client1.java</PATH>
<CARET>0</CARET>
<ENCODING>utf-8</ENCODING>
<MODE>java</MODE>
</ENTRY>
<ENTRY>
<PATH>C:\Users\PLWeb\Desktop\PLWeb\5196\2014300013\Groovy Server Pages\26\hello.gsp</PATH>
<CARET>0</CARET>
<ENCODING>utf-8</ENCODING>
<MODE>gsp</MODE>
</ENTRY>
<ENTRY>
<PATH>C:\Users\PLWeb\Desktop\PLWeb\5196\2015300004\Java_Structured\5\AndToIf.java</PATH>
<CARET>0</CARET>
<ENCODING>utf-8</ENCODING>
<MODE>java</MODE>
</ENTRY>
<ENTRY>
<PATH>C:\Users\PLWeb\workspace\PLWeb_AppVersion\5196\2014300020\Scheme\8\count-a.scm</PATH>
<CARET>0</CARET>
<ENCODING>utf-8</ENCODING>
<MODE>scheme</MODE>
</ENTRY>
<ENTRY>
<PATH>C:\Users\PLWeb\workspace\PLWeb_AppVersion\5196\2015300005\Java_Structured\1\TrueFalse1.java</PATH>
<CARET>0</CARET>
<ENCODING>utf-8</ENCODING>
<MODE>java</MODE>
</ENTRY>
<ENTRY>
<PATH>C:\Users\PLWeb\workspace\PLWeb_AppVersion\5196\2014300019\test10\1\Hello.java</PATH>
<CARET>0</CARET>
<ENCODING>utf-8</ENCODING>
<MODE>java</MODE>
</ENTRY>
<ENTRY>
<PATH>C:\Users\PLWeb\workspace\PLWeb_AppVersion\5196\2015300004\Java_Structured\4\TrueFalse1.java</PATH>
<CARET>0</CARET>
<ENCODING>utf-8</ENCODING>
<MODE>java</MODE>
</ENTRY>
<ENTRY>
<PATH>C:\Users\PLWeb\workspace\PLWeb_AppVersion\5196\2014300020\Scheme\7\any-t.scm</PATH>
<CARET>205</CARET>
<ENCODING>utf-8</ENCODING>
<MODE>scheme</MODE>
</ENTRY>
<ENTRY>
<PATH>C:\Users\PLWeb\workspace\PLWeb_AppVersion\5196\2015300020\MasteryLearning_Java\9\ex09.c</PATH>
<CARET>0</CARET>
<ENCODING>utf-8</ENCODING>
<MODE>c</MODE>
</ENTRY>
<ENTRY>
<PATH>C:\Users\PLWeb\workspace\PLWeb_AppVersion\5196\2014300006\2014-2\4\Client1.java</PATH>
<CARET>0</CARET>
<ENCODING>utf-8</ENCODING>
<MODE>java</MODE>
</ENTRY>
<ENTRY>
<PATH>C:\Users\PLWeb\workspace\PLWeb_AppVersion\5196\2015300005\Java_Structured\3\HelloWorld.java</PATH>
<CARET>0</CARET>
<ENCODING>utf-8</ENCODING>
<MODE>java</MODE>
</ENTRY>
<ENTRY>
<PATH>C:\Users\PLWeb\workspace\PLWeb_AppVersion\5275\2014200002\CSF4-Java\20\Teacher1.java</PATH>
<CARET>0</CARET>
<ENCODING>utf-8</ENCODING>
<MODE>java</MODE>
</ENTRY>
<ENTRY>
<PATH>C:\Users\PLWeb\workspace\PLWeb_AppVersion\5196\2014200002\CSF4-Java\3\Area.java</PATH>
<CARET>444</CARET>
<ENCODING>utf-8</ENCODING>
<MODE>java</MODE>
</ENTRY>
<ENTRY>
<PATH>C:\Users\PLWeb\workspace\PLWeb_AppVersion\5196\2014200002\CSF4-Java\3\Average.java</PATH>
<CARET>0</CARET>
<ENCODING>utf-8</ENCODING>
<MODE>java</MODE>
</ENTRY>
<ENTRY>
<PATH>C:\Users\PLWeb\workspace\PLWeb_AppVersion\5196\2014200002\CSF4-Java\3\Good.java</PATH>
<CARET>0</CARET>
<ENCODING>utf-8</ENCODING>
<MODE>java</MODE>
</ENTRY>
<ENTRY>
<PATH>C:\Users\PLWeb\workspace\PLWeb_AppVersion\5196\2010300012\TQC+Java6\1\Choice3.java</PATH>
<CARET>0</CARET>
<ENCODING>utf-8</ENCODING>
<MODE>java</MODE>
</ENTRY>
<ENTRY>
<PATH>C:\Users\PLWeb\workspace\PLWeb_AppVersion\5196\2010300012\TQC+Java6\1\TrueFalse2.java</PATH>
<CARET>0</CARET>
<ENCODING>utf-8</ENCODING>
<MODE>java</MODE>
</ENTRY>
<ENTRY>
<PATH>C:\Users\PLWeb\workspace\PLWeb_AppVersion\5196\2010300012\TQC+Java6\1\Choice1.java</PATH>
<CARET>0</CARET>
<ENCODING>utf-8</ENCODING>
<MODE>java</MODE>
</ENTRY>
<ENTRY>
<PATH>C:\Users\PLWeb\workspace\PLWeb_AppVersion\5196\2010300012\TQC+Java6\1\TrueFalse1.java</PATH>
<CARET>0</CARET>
<ENCODING>utf-8</ENCODING>
<MODE>java</MODE>
</ENTRY>
<ENTRY>
<PATH>C:\Users\PLWeb\workspace\PLWeb_AppVersion\PLWeb\800\2015300021\MasteryLearning_Java\6\ex02.c</PATH>
<CARET>6</CARET>
<ENCODING>utf-8</ENCODING>
<MODE>c</MODE>
</ENTRY>
<ENTRY>
<PATH>C:\Users\PLWeb\workspace\PLWeb_AppVersion\PLWeb\800\2015300021\MasteryLearning_Java\6\ex02.html</PATH>
<CARET>149</CARET>
<ENCODING>UTF-8</ENCODING>
<MODE>html</MODE>
</ENTRY>
<ENTRY>
<PATH>C:\Users\PLWeb\workspace\PLWeb_AppVersion\PLWeb\800\2015300021\MasteryLearning_Java\6\ex03.c</PATH>
<CARET>0</CARET>
<ENCODING>utf-8</ENCODING>
<MODE>c</MODE>
</ENTRY>
<ENTRY>
<PATH>C:\Users\PLWeb\workspace\PLWeb_AppVersion\PLWeb\800\2015300021\MasteryLearning_Java\6\ex04.c</PATH>
<CARET>0</CARET>
<ENCODING>utf-8</ENCODING>
<MODE>c</MODE>
</ENTRY>
<ENTRY>
<PATH>C:\myplweb\800\2015300021\MasteryLearning_Java\6\ex02.c</PATH>
<CARET>0</CARET>
<ENCODING>utf-8</ENCODING>
<MODE>c</MODE>
</ENTRY>
</RECENT>
